{
  "texas": {
    "ngpp": {
      "feasible": true,
      "technology": "Natural Gas Power Plant",
      "capex_before_itc": 40000000,
      "capex_after_itc": 28000000.0,
      "annual_capital_charge": 2189600.0,
      "annual_opex": 1000000.0,
      "annual_fuel_cost": 9508800.0,
      "annual_transmission_cost": 0.0,
      "total_annual_cost": 12698400.0,
      "lcoe_contribution": 14.495890410958904,
      "cfe_achieved": 0.783,
      "co2_tons_per_year": 112203.84
    },
    "natural_gas": {
      "feasible": true,
      "technology": "Backup Boiler (Natural Gas (Pipeline))",
      "fuel_type": "natural_gas",
      "capex_before_itc": 15000000,
      "capex_after_itc": 10500000.0,
      "boiler_capex": 15000000,
      "storage_capex": 0,
      "annual_capital_charge": 821100.0000000001,
      "annual_opex": 375000.0,
      "annual_fuel_cost": 6988967.999999999,
      "total_annual_cost": 8185067.999999999,
      "lcoe_contribution": 9.343684931506848,
      "cfe_achieved": 0.783,
      "meets_cfe_requirement": true,
      "co2_tons_per_year": 112203.84
    },
    "propane": {
      "feasible": true,
      "technology": "Backup Boiler (Propane (LPG))",
      "fuel_type": "propane",
      "capex_before_itc": 18183060.109289616,
      "capex_after_itc": 12728142.076502731,
      "boiler_capex": 17500000,
      "storage_capex": 683060.1092896174,
      "annual_capital_charge": 995340.7103825136,
      "annual_opex": 545491.8032786885,
      "annual_fuel_cost": 32472551.999999996,
      "total_annual_cost": 34013384.5136612,
      "lcoe_contribution": 38.82806451331187,
      "cfe_achieved": 0.783,
      "meets_cfe_requirement": true,
      "co2_tons_per_year": 114105.59999999999
    },
    "diesel": {
      "feasible": true,
      "technology": "Backup Boiler (Diesel Fuel (#2))",
      "fuel_type": "diesel",
      "capex_before_itc": 17998753.117206983,
      "capex_after_itc": 12599127.182044888,
      "boiler_capex": 17500000,
      "storage_capex": 498753.1172069825,
      "annual_capital_charge": 985251.7456359103,
      "annual_opex": 539962.5935162095,
      "annual_fuel_cost": 41505911.99999999,
      "total_annual_cost": 43031126.33915211,
      "lcoe_contribution": 49.122290341497845,
      "cfe_achieved": 0.783,
      "meets_cfe_requirement": true,
      "co2_tons_per_year": 119810.88
    },
    "renewable_diesel": {
      "feasible": true,
      "technology": "Backup Boiler (Renewable Diesel (RD99))",
      "fuel_type": "renewable_diesel",
      "capex_before_itc": 17998753.117206983,
      "capex_after_itc": 12599127.182044888,
      "boiler_capex": 17500000,
      "storage_capex": 498753.1172069825,
      "annual_capital_charge": 985251.7456359103,
      "annual_opex": 539962.5935162095,
      "annual_fuel_cost": 41488008.89775561,
      "total_annual_cost": 43013223.23690773,
      "lcoe_contribution": 49.10185301016864,
      "cfe_achieved": 0.98915,
      "meets_cfe_requirement": true,
      "co2_tons_per_year": 11410.56
    }
  },
  "remote_alaska": {
    "propane": {
      "feasible": true,
      "technology": "Backup Boiler (Propane (LPG))",
      "fuel_type": "propane",
      "capex_before_itc": 18183060.109289616,
      "capex_after_itc": 12728142.076502731,
      "boiler_capex": 17500000,
      "storage_capex": 683060.1092896174,
      "annual_capital_charge": 995340.7103825136,
      "annual_opex": 545491.8032786885,
      "annual_fuel_cost": 32472551.999999996,
      "total_annual_cost": 34013384.5136612,
      "lcoe_contribution": 38.82806451331187,
      "cfe_achieved": 0.783,
      "meets_cfe_requirement": true,
      "co2_tons_per_year": 114105.59999999999
    },
    "diesel": {
      "feasible": true,
      "technology": "Backup Boiler (Diesel Fuel (#2))",
      "fuel_type": "diesel",
      "capex_before_itc": 17998753.117206983,
      "capex_after_itc": 12599127.182044888,
      "boiler_capex": 17500000,
      "storage_capex": 498753.1172069825,
      "annual_capital_charge": 985251.7456359103,
      "annual_opex": 539962.5935162095,
      "annual_fuel_cost": 41505911.99999999,
      "total_annual_cost": 43031126.33915211,
      "lcoe_contribution": 49.122290341497845,
      "cfe_achieved": 0.783,
      "meets_cfe_requirement": true,
      "co2_tons_per_year": 119810.88
    },
    "renewable_diesel": {
      "feasible": true,
      "technology": "Backup Boiler (Renewable Diesel (RD99))",
      "fuel_type": "renewable_diesel",
      "capex_before_itc": 17998753.117206983,
      "capex_after_itc": 12599127.182044888,
      "boiler_capex": 17500000,
      "storage_capex": 498753.1172069825,
      "annual_capital_charge": 985251.7456359103,
      "annual_opex": 539962.5935162095,
      "annual_fuel_cost": 41488008.89775561,
      "total_annual_cost": 43013223.23690773,
      "lcoe_contribution": 49.10185301016864,
      "cfe_achieved": 0.98915,
      "meets_cfe_requirement": true,
      "co2_tons_per_year": 11410.56
    }
  },
  "california": {
    "ngpp": {
      "feasible": true,
      "technology": "Natural Gas Power Plant",
      "capex_before_itc": 40000000,
      "capex_after_itc": 28000000.0,
      "annual_capital_charge": 2189600.0,
      "annual_opex": 1000000.0,
      "annual_fuel_cost": 12361440.0,
      "annual_transmission_cost": 3803520.0,
      "total_annual_cost": 19354560.0,
      "lcoe_contribution": 22.094246575342467,
      "cfe_achieved": 0.783,
      "co2_tons_per_year": 112203.84
    },
    "natural_gas": {
      "feasible": true,
      "technology": "Backup Boiler (Natural Gas (Pipeline))",
      "fuel_type": "natural_gas",
      "capex_before_itc": 15000000,
      "capex_after_itc": 10500000.0,
      "boiler_capex": 15000000,
      "storage_capex": 0,
      "annual_capital_charge": 821100.0000000001,
      "annual_opex": 375000.0,
      "annual_fuel_cost": 6988967.999999999,
      "total_annual_cost": 8185067.999999999,
      "lcoe_contribution": 9.343684931506848,
      "cfe_achieved": 0.783,
      "meets_cfe_requirement": false,
      "co2_tons_per_year": 112203.84
    },
    "propane": {
      "feasible": true,
      "technology": "Backup Boiler (Propane (LPG))",
      "fuel_type": "propane",
      "capex_before_itc": 18183060.109289616,
      "capex_after_itc": 12728142.076502731,
      "boiler_capex": 17500000,
      "storage_capex": 683060.1092896174,
      "annual_capital_charge": 995340.7103825136,
      "annual_opex": 545491.8032786885,
      "annual_fuel_cost": 32472551.999999996,
      "total_annual_cost": 34013384.5136612,
      "lcoe_contribution": 38.82806451331187,
      "cfe_achieved": 0.783,
      "meets_cfe_requirement": false,
      "co2_tons_per_year": 114105.59999999999
    },
    "diesel": {
      "feasible": true,
      "technology": "Backup Boiler (Diesel Fuel (#2))",
      "fuel_type": "diesel",
      "capex_before_itc": 17998753.117206983,
      "capex_after_itc": 12599127.182044888,
      "boiler_capex": 17500000,
      "storage_capex": 498753.1172069825,
      "annual_capital_charge": 985251.7456359103,
      "annual_opex": 539962.5935162095,
      "annual_fuel_cost": 41505911.99999999,
      "total_annual_cost": 43031126.33915211,
      "lcoe_contribution": 49.122290341497845,
      "cfe_achieved": 0.783,
      "meets_cfe_requirement": false,
      "co2_tons_per_year": 119810.88
    },
    "renewable_diesel": {
      "feasible": true,
      "technology": "Backup Boiler (Renewable Diesel (RD99))",
      "fuel_type": "renewable_diesel",
      "capex_before_itc": 17998753.117206983,
      "capex_after_itc": 12599127.182044888,
      "boiler_capex": 17500000,
      "storage_capex": 498753.1172069825,
      "annual_capital_charge": 985251.7456359103,
      "annual_opex": 539962.5935162095,
      "annual_fuel_cost": 41488008.89775561,
      "total_annual_cost": 43013223.23690773,
      "lcoe_contribution": 49.10185301016864,
      "cfe_achieved": 0.98915,
      "meets_cfe_requirement": true,
      "co2_tons_per_year": 11410.56
    }
  },