scenario,cfe_target,solar_MW,wind_MW,tes_MW,tes_duration_hr,tes_capacity_MWh,gas_MW,capex_before_itc_M,itc_value_M,capex_after_itc_M,annual_opex_M,lcoe_with_ira,lcoe_without_ira,lcoe_premium_pct,lcoe_premium_dollars
Baseline (78.3% CFE),78.3,300,50,100,16,1600,100,599.0,155.7,443.3,14.535,60.01689758438477,75.26883540545512,0.0,0.0
90% CFE Target,90.0,400,75,150,24,3600,50,816.5,232.95,583.55,20.5725,80.64751977639203,103.4666521811341,34.374689499736725,20.63062219200726
100% CFE Target (Zero Gas),100.0,500,100,200,48,9600,0,1194.0,358.2,835.8,33.01,119.55528572263961,154.64355886013098,99.20270879470712,59.53838813825484
100% CFE Optimized (High TES),100.0,450,80,150,72,10800,0,1122.0,336.6,785.4,31.83,113.27121030263787,146.2436076730443,88.73219853354904,53.2543127182531
