{
  "timestamp": "2026-06-24T16:39:19.503843",
  "model_version": "corrected_v3_multiple_blocks",
  "turbine_config": {
    "num_blocks": 4,
    "block_size_MW": 25,
    "total_capacity_MW": 100
  },
  "resource_data": {
    "solar_cf_avg": 0.31,
    "wind_cf_avg": 0.5,
    "note": "Roman-style profiles with target CFs"
  },
  "marginal_costs": {
    "tes": 3.0,
    "gas": 48.0,
    "tes_advantage": 45.0
  },
  "annual_MWh": {
    "solar": 814680.0,
    "wind": 219000.0,
    "tes_output": 113675.69091735178,
    "gas": 246914.50205661953,
    "curtailment": 210957.09272003558,
    "load": 876000.0
  },
  "capacity_factors": {
    "solar": 0.31,
    "wind": 0.5,
    "tes": 0.1297667704535979,
    "gas": 0.28186586992764784
  },
  "block_utilization_hours": {
    "0_blocks": 7007,
    "1_blocks": 155,
    "2_blocks": 54,
    "3_blocks": 774,
    "4_blocks": 770
  },
  "performance": {
    "cfe_pct": 130.9766770453598
  }
}